Name,Town Name,Overall Rating,Pricelist,Best Selling,Hot Trending,Average Daily Profit,Average Daily Customers,Most Crowded Day,Cuisines,review,Location
Bhadariya Hotel,Angamaly,1.62,500,Appam with Stew,Parota with beef curry,32000,150,Wednesday,Indian,poor,Angamaly
Hotel Aryaas,Angamaly,3.9,500,Poori Masala,Baby Corn Masala Dosa,90000,300,Saturday,Indian,good,Angamaly
Salkkaar Restaurant,Angamaly,4.2,500,Beef Biriyani,Wayanadan Beef,100000,350,Monday,Indian,verygood,Angamaly
Street Lights Restayrant,Angamaly,4.64,500,omelette,Kappa and Meen Curry,100000,370,Friday,Kerala,excellent,Angamaly
Hotel Ananda Bhavan,Angamaly,3.82,500,Veg Meals,Paper roast,102000,450,Tuesday,Kerala,good,Angamaly
Greenpeace,Angamaly,3.62,500,Chicken Biriyani,Appan with Duck Roast,110000,500,Thursday,Kerala,good,Angamaly
Alibaba & 41 Dishes by Bab Arabia,Angamaly,3.91,500,Chicken Wings,Kapama Beef Rice,130000,550,Saturday,Kerala,good,Angamaly
Sulaimani,Angamaly,4,500,Beef Biriyani,Porotta,45000,200,Friday,Kerala,verygood,Angamaly
Chi Hao,Angamaly,4,500,Chilly Pork,Schezwan Chicken Fried Rice,50000,350,Saturday,Chinese,verygood,Angamaly
Angamaly Dhaba and Chapathi,Angamaly,3.51,500,Grilled Chicken,Mixed Fried Rice,80000,700,Sunday,Indian,good,Angamaly
Chicwings,Angamaly,3.93,500,Sandwiches,Chicken Popcorn,70000,750,Monday,Indian,good,Angamaly
Hotel Paris,Angamaly,3.62,500,Mixed Fried Rice,Al-Faham,90000,800,Wednesday,Indian,good,Angamaly
Kitchenlady Thattukada,Angamaly,3.8,500,Chicken Biriyani,Beef with Porotta,95000,850,Friday,Indian,good,Angamaly
Orange Family Restaurant A/C,Angamaly,3.6,500,Chicken Biriyani,Shawarma,100000,900,Wednesday,arabic,good,Angamaly
Dharmoo's Kitchen,Angamaly,3.73,500,Fish Biriyani,Kizhi Porotta,120000,950,Saturday,arabic,good,Angamaly
Arafa Manjali Biriyani,Angamaly,3.71,500,Biriyani,Grilled Chicken,125000,1000,Sunday,arabic,good,Angamaly
Hotel Malabar,Angamaly,3.54,500,Chicken Biriyani,Grilled Chicken,130000,1050,Saturday,arabic,good,Angamaly
KL 63 Garden's 24 Hours Food Court,Angamaly,3.7,500,Chicken Sandwich,beef Burger,150000,1100,Saturday,Indian,good,Angamaly
Domino's Pizza,Angamaly,4.1,500,Chicken Sausage,Pepper Barbecue Chicken Pizza,50000,350,Tuesday,Indian,verygood,Angamaly
Mint Hill Restaurant,Angamaly,3.51,500,Chapathi with Beef Roast,Chicken Biriyani,80000,700,Wednesday,Indian,good,Angamaly
Hotel Athidhi,Angamaly,3.02,500,Thali Meals(Veg),Veg Noodles,45000,200,Monday,Asian,good,Angamaly
Kerala Kitchen,Aluva,4.03,1000,Thattu Dosa with Chutney,Parota with beef curry,50000,800,Thursday,Kerala,verygood,Aluva
Hotel New Aryas ,Aluva,3.62,500,Spicy Chicken Fry,Seafood ,50000,1000,Sunday,South Indian,good,Aluva
Diner Palace Restaurant,Aluva,4.81,500,Chicken Fried Rice,Ziba Special Lime Juice,50000,350,Saturday,South Indian,excellent,Aluva
Manchatti Restaurant,Aluva,3.87,500,Pepper Chicken,Beef Kizhi Porotta,80000,700,Friday,South Indian,good,Aluva
The Grand Hotel ,Aluva,4.23,500,Mutton Biriyani,Beef Fry and Pathiri,45000,200,Saturday,South Indian,verygood,Aluva
Shenoy's Pure Veg Hotel,Aluva,4.2,500,Shenoys Special Masala Dosa,Paneer Dosa,50000,800,Monday,Kerala,verygood,Aluva
Al Taza,Aluva,4.43,500,Whole Meat Chicken Shawarma,Shawarma Burger,50000,1000,Friday,Western,verygood,Aluva
Hotel Zaitoon ,Aluva,2.51,500,Meals,Chapathi with chicken,100000,10000,Tuesday,Western,poor,Aluva
Hotel Paradise,Aluva,3.59,500,Masala Dosa,Veg Biriyani,70000,750,Tuesday,Kerala,good,Aluva
Pachamama Artcafe,Aluva,4.56,500,Tomato Bruschetta,Egg Sandwich with Brown Bread,90000,800,Saturday,Kerala,excellent,Aluva
Taj Hotel,Aluva,3.29,500,Egg Curry with Idiyappam,,95000,850,Friday,Kerala,good,Aluva
Iftar hotel,Aluva,3.8,500,Beef Roast Porotta,Chicken Kabsa,100000,900,Sunday,Kerala,good,Aluva
Biriyani Hut,Aluva,3.43,500,Chicken Biriyani,Mutton Biriyani,60000,500,Saturday,Kerala,good,Aluva
Soofi Mandi,Aluva,4.32,500,Al Faham Mandi,Beef Mandi,90000,300,Wednesday,Kerala,verygood,Aluva
Al Safa Hotel,Aluva,3.9,500,Kerala Paratha,Puttu Beef Curry,100000,350,Sunday,Kerala,good,Aluva
ALSAJ Restaurant,Aluva,3.81,500,Peri Peri Al Faham,Chatti Choru,800000,10000,Saturday,Kerala,good,Aluva
Sree Saravana bhavan,Perumbavoor,4.04,500,Sadhya,Parota with beef curry,50000,350,Saturday,Indian,verygood,Perumbavoor
Apsara Hotel,Perumbavoor,4.21,500,Mutton Biriyani,Mutton fry,100000,350,Saturday,Indian,verygood,Perumbavoor
Kunjappus Restaurant,Perumbavoor,4.18,500,Ghee Rice and Beef Roast,Beef Curry,100000,370,Sunday,Indian,verygood,Perumbavoor
Oottupura Restaurant,Perumbavoor,3.55,500,Meals with Fish Fry,Fish Roast,102000,450,Monday,Kerala,good,Perumbavoor
Saphire Family Restaurant,Perumbavoor,3.82,500,Chicken Biriyani,Beef Roast,110000,500,Tuesday,Kerala,good,Perumbavoor
Hotel Annapoorna,Perumbavoor,3.5,500,Malasa Dosa,White Rice Meals,130000,550,Wednesday,Kerala,good,Perumbavoor
Arabian Palace Perumbavoor,Perumbavoor,3.98,500,Chicken Mandi,Chicken Spicy Kuzhimanthi,45000,200,Saturday,Arabic,good,Perumbavoor
Royal Food Court,Perumbavoor,3.91,500,Tandoori Chicken,Royal Special Falooda,50000,350,Sunday,Arabic,good,Perumbavoor
Kunjapus Biriyani Hut,Perumbavoor,4.61,500,Meals with Fish Fry,Mixed Fried Rice,80000,700,Saturday,Kerala,excellent,Perumbavoor
Malabar Village Restaurant,Perumbavoor,3.65,500,Chicken Biriyani,Beef Roast,70000,750,Sunday,Kerala,good,Perumbavoor
Zaina Arabian Food Court,Perumbavoor,3.9,500,Beef Roast Porotta,Chicken Kabsa,90000,800,Monday,Kerala,good,Perumbavoor
Lakshmi Bhavan,Kalady,4,500,Poori Masala,Veg Meals,95000,850,Tuesday,Kerala,verygood,Kalady
Burger Inn Kalady,Kalady,4.3,500,Bada Baap Burger,Royal Burger,100000,900,Wednesday,Western,verygood,Kalady
Eden hotel,Kalady,3.67,500,Meals,Chicken Biriyanu,120000,950,Thursday,Western,good,Kalady
Kasims Foods @ kalady,Kalady,4.23,500,Beef Burger,Burger Shawarma,80000,800,Friday,Western,verygood,Kalady
Pauly Chetan's Kappa Botti Shop(thattukada ),Kalady,4.5,500,Kaada Bulls Eye,Kappa Pork,60000,500,Saturday,Kerala,verygood,Kalady
Daddy Cafe,Kalady,4.12,500,Al Faham Mandi,Chicken Kuzhimanthi,90000,300,Sunday,Arabic,verygood,Kalady
Ruchi Hotel,Kalady,5,500,Chicken Biriyani,Beef Biriyani,100000,350,Monday,Arabic,excellent,Kalady
Prasad homly food,Kalady,3.82,500,Al Faham Mandi,Chicken Kuzhimanthi,100000,370,Tuesday,Arabic,good,Kalady
Al-Rayyan kuzhimandhi,Kalady,4.23,500,Beef Mandhi,Al-Faham,102000,450,Wednesday,Arabic,good,Kalady
Al Ladhidh Food Cafe,Kalady,4.34,500,Chicken Biriyani,Barbeque Chicken Alfam,110000,500,Thursday,Arabic,good,Kalady
Mazha Street Style Restaurant,Kalady,4.34,500,Shawarma Plate,Peri Peri Al-Fahm,130000,550,Friday,Arabic,good,Kalady
Grand Malabar,Nedumbassery,3.57,500,Spicy Chicken Fry,sandwhich,45000,200,Wednesday,Arabic,good,Nedumbassery
Diana Heights Multicuisine,Nedumbassery,4.09,1000,Parota with beef curry,Kappa meen curry,50000,350,Friday,Chinese,verygood,Nedumbassery
Grand Malabar,Nedumbassery,3.91,500,Kappa and Meen Curry,Fried Prawns,80000,700,Sunday ,Western,good,Nedumbassery
Salkara Restaurant,Nedumbassery,4.21,500,Fish Curry Meals,Kanthari Beef,70000,750,Monday,Kerala,verygood,Nedumbassery
Drunken panda,Athani,3.02,500,Chikku Shake,Chicken Sandwich,90000,800,Tuesday,arabic,good,Athani
Real Tasty Restaurant,Athani,4.21,500,shawarma ,Grilled Chicken,95000,850,Wednesday,arabic,verygood,Athani
Desert Grill,Athani,3.82,500,Mexican Shawarma Roll,Peri Peri Al-Fahm,100000,900,Thursday,arabic,good,Athani
Usthad Hotel,Athani,4.24,500,Chicken Biriyani,Fish Biriyani,120000,950,Friday,Seafood,verygood,Athani
Usar ki kattan kushal ki puttu,Athani,3.75,500,Chicken Biriyani,Beef Biriyani,125000,1000,Saturday,Seafood,good,Athani
Baycholin Restaurant ,Kakkanad,3.81,500,Fish Molee,sandwhich,130000,1050,Thursday,Western,good,Kakkanad
Kettuvallam Restaurant ,Kakkanad,3.82,500,Naadan Kozhi Curry,Ghee Rice (NeyChoru),150000,1100,Monday,Indian,good,Kakkanad
IdlyPura ,Kakkanad,3.84,500,Spicy Chicken Fry,Thalassery Biryani,50000,350,Saturday,Indian,good,Kakkanad
Royal Food Court ,Kakkanad,3.81,500,Kerala Prawn Curry,Pizza,80000,700,Wednesday,Indian,good,Kakkanad
Currymean ,Kakkanad,3.94,500,Fish Molee,Kappa Puzhukku,45000,200,Wednesday,Kerala,good,Kakkanad
Empire Plaza,Kakkanad,4.01,500,Kerala Prawn Curry,Seafood ,50000,800,Tuesday,Indian,verygood,Kakkanad
Fort Kitchen,Kakkanad,3.58,500,Beef Fry,kappa meen curry,50000,1000,Wednesday,Indian,good,Kakkanad
Ifthar,Kakkanad,3.72,500,Chicken Biriyani,Fried Prawns,50000,350,Monday,Arabic,good,Kakkanad
Thaal Kitchen,Kakkanad,3.76,500,Kappa and Meen Curry,Thalassery Biryani,80000,700,Tuesday                  ,Arabic,good,Kakkanad
"Diwan's Durbar, Kakkanad",Kakkanad,3.57,500,Chicken Biriyani,Appan with Duck Roast,60000,500,Wednesday,Arabic,good,Kakkanad
Alakapuri Restaurant,Kakkanad,4.09,500,Chicken Wings,Kapama Beef Rice,90000,300,Thursday,Arabic,verygood,Kakkanad
Palaaram Kakkanad,Kakkanad,3.91,500,Beef Biriyani,Porotta,100000,350,Friday,Arabic,good,Kakkanad
The Voyager (24/7),Kakkanad,4.21,500,Chilly Pork,Schezwan Chicken Fried Rice,100000,370,Saturday,Arabic,verygood,Kakkanad
1947 An Indian Restaurant,Kakkanad,3.02,500,Grilled Chicken,Mixed Fried Rice,102000,450,Sunday,Arabic,good,Kakkanad
Nellikka Restaurant Kakkanad,Kakkanad,4.21,500,Sandwiches,Chicken Popcorn,110000,500,Monday,Arabic,verygood,Kakkanad
Darbar Seafood Restaurant,Kakkanad,3.82,500,Prawns Fry,Pasta with Cuttlefish ink,130000,550,Tuesday,Western,good,Kakkanad
Barkath Restaurant,Kakkanad,4.24,500,shawarma ,Grilled Chicken,45000,200,Wednesday,Western,verygood,Kakkanad
Golden Kitchen,Kakkanad,3.75,500,Mexican Shawarma Roll,Peri Peri Al-Fahm,50000,350,Thursday,Western,good,Kakkanad
Malabar Plaza Family Restaurant,Kakkanad,3.81,500,Chicken Biriyani,Fish Biriyani,80000,700,Friday,Kerala,good,Kakkanad
Chakkarapanthal Restaurant,Kakkanad,3.82,500,Chicken Biriyani,Beef Biriyani,70000,750,Saturday,Kerala,good,Kakkanad
Amor Kitchen,Kakkanad,3.84,500,Chicken Biriyani,Appan with Duck Roast,90000,800,Sunday,Kerala,good,Kakkanad
Toto restaurant,Kakkanad,3.88,500,Chicken Wings,Kapama Beef Rice,95000,850,Monday,Kerala,good,Kakkanad
Grand Vattekkad restaurant,Kakkanad,3.81,500,Beef Biriyani,Porotta,100000,900,Tuesday,Kerala,good,Kakkanad
Lighthouse Kitchen Kakkanad,Kakkanad,3.94,500,Chilly Pork,Schezwan Chicken Fried Rice,130000,550,Wednesday,Kerala,good,Kakkanad
Le Hayath Multi cuisine Family Restaurant,Kakkanad,4.01,500,Grilled Chicken,Mixed Fried Rice,45000,200,Thursday,Kerala,verygood,Kakkanad
Veetile Oonu,Kakkanad,3.58,500,Meals with Fish Fry,Chapathi with chicken,50000,350,Friday,Kerala,good,Kakkanad
Hotel Galaxy Family Restaurant,Kakkanad,3.72,500,Prawns Fry,Pasta with Cuttlefish ink,80000,700,Saturday,Western,good,Kakkanad
Muziris Kitchen,Kakkanad,3.76,500,Grilled Chicken,Mixed Fried Rice,75000,600,Sunday,Western,good,Kakkanad
Alikkas Hotel ,Kalamassery,3.69,500,Idli Sambhar,Kappa Boti,35000,70,Thursday,South Indian,good,Kalamassery
Signature Cafe Spot ,Kalamassery,4.12,500,Kappa and Meen Curry,Burger,28000,40,Saturday,Kerala,verygood,Kalamassery
Emarath Restaurant,Kalamassery,4.12,500,Beef Roast Porotta,Chicken Kabsa,80000,700,Sunday,Kerala,verygood,Kalamassery
Pallath Restaurant,Kalamassery,3.7,500,Chicken Biriyani,Mutton Biriyani,45000,200,Monday,South Indian,good,Kalamassery
Biriyani Chembu Restaurant,Kalamassery,4.1,500,Al Faham Mandi,Beef Mandi,50000,800,Tuesday,Arabic,verygood,Kalamassery
Seapark Restaurant,Kalamassery,3.51,500,Kerala Paratha,Puttu Beef Curry,50000,1000,Wednesday,Kerala,good,Kalamassery
Kismath Restaurant,Kalamassery,3.02,500,Peri Peri Al Faham,Chatti Choru,100000,10000,Thursday,Arabic,good,Kalamassery
Aliza restaurant,Kalamassery,4.03,500,Sadhya,Parota with beef curry,70000,650,Friday,Kerala,verygood,Kalamassery
Mirchi Dhaba,Kalamassery,3.62,500,Mutton Biriyani,Mutton fry,45000,300,Saturday,South Indian,good,Kalamassery
Vazhayila restaurant,Kalamassery,4.81,500,Ghee Rice and Beef Roast,Beef Curry,45000,200,Sunday,Kerala,excellent,Kalamassery
The Arabian Bae,Kalamassery,3.87,500,Meals with Fish Fry,Fish Roast,50000,350,Monday,Kerala,good,Kalamassery
Go Foodie,Kalamassery,4.23,500,Chicken Biriyani,Beef Roast,80000,700,Tuesday,South Indian,verygood,Kalamassery
Munthirikkothu,Kalamassery,4.2,500,Beef Roast Porotta,Chicken Kabsa,70000,750,Wednesday,Kerala,verygood,Kalamassery
FOOD 'O' FOOD,Kalamassery,4.43,500,Chicken Biriyani,Mutton Biriyani,90000,800,Thursday,South Indian,verygood,Kalamassery
Hotel Abhirami,Kalamassery,2.51,500,Al Faham Mandi,Beef Mandi,95000,850,Friday,Arabic,poor,Kalamassery
Kayees Rahmathulla Hotel,Kochi,4.22,500,Kerala Prawn Curry,Parota with beef curry,60000,500,Tuesday,Kerala,verygood,Kochi
Tharavadu,Kochi,4.41,2000,Parota with beef curry,Chuttuli Meen ,90000,300,Sunday,Indian,verygood,Kochi
Malabar Cafe ,Kochi,4.99,2000,Thattu Dosa with Chutney,Ghee Rice (NeyChoru),100000,350,Thursday,Arabic,excellent,Kochi
Fort Kochi Seafood Restaurant,Kochi,4.03,500,Idli Sambhar,Death by Chocolate,100000,370,Tuesday,South Indian,verygood,Kochi
Ifthar Restaurant ,Kochi,3.78,500,Sadhya,Kappa Puzhukku,102000,450,Sunday ,South Indian,good,Kochi
Sree Ganesha Resturant,Kochi,4.32,2000,Kerala Prawn Curry,Kappa Puzhukku,110000,500,Tuesday,Kerala,verygood,Kochi
Malabar Junction,Kochi,4.02,1000,Kappa and Meen Curry,Kappa Boti,130000,550,Saturday,Kerala,verygood,Kochi
Cafe Cuba ,Kochi,3.7,1000,Dosa Ghee Roast with Sambar,Seafood ,45000,200,Friday,Kerala,good,Kochi
Restaurant 51,Kochi,4.07,500,Spicy Chicken Fry,Kappa Boti,50000,350,Saturday,Kerala,verygood,Kochi
Grand Pavilion,Kochi,3.88,500,Kerala Prawn Curry,Parota with beef curry,80000,700,Sunday,Seafood,good,Kochi
Ginger House Restaurant,Kochi,3.64,500,Beef Fry,Chuttuli Meen ,70000,750,Monday,Kerala,good,Kochi
Kochi Kitchen,Kochi,3.97,500,Naadan Kozhi Curry,Death by Chocolate,90000,800,Tuesday,Kerala,verygood,Kochi
Kashi Art Caf‚,Kochi,4.18,500,dosa Ghee roast with sambar,Kappa Puzhukku,95000,850,Wednesday,Kerala,verygood,Kochi
Paragon,Kochi,3.81,500,Karimeen Pollichathu ,Ghee Rice (NeyChoru),100000,900,Thursday,Kerala,good,Kochi
Punjab House,Kochi,3.79,500,Sea foods,Chuttuli Meen ,120000,950,Friday,Kerala,good,Kochi
Galito's Flame Grilled Chicken,Kochi,3.81,500,dosa Ghee roast with sambar,Thalassery Biryani,125000,1000,Saturday,Kerala,good,Kochi
Tellicherry Kitchen,Kochi,4.43,500,Mutton Biriyani,Bamboo Biriyani,130000,1050,Sunday,Kerala,verygood,Kochi
Brindhavan Vegetarian Restaurant,Kochi,3.88,500,Ghee Roast,Masala Dosa,150000,1100,Monday,Kerala,good,Kochi
The Pepper Restaurant ,Kochi,4.27,500,Al Faham Mandi,Pepper Chicken,50000,350,Tuesday,Kerala,verygood,Kochi
Kadaloram,Kochi,3.75,500,Chattii Choru,Fish Biriyani,80000,700,Sunday,South Indian,good,Kochi
Nasi and Mee Asian Canteen,Kochi,4.27,500,Prawns Noodles,Chicken Rice,45000,200,Saturday,Asian,verygood,Kochi
Ambiswamy's Vegetarian Restaurant,Kochi,3.75,500,Veg Noodles,Veg Biriyani,50000,800,Saturday,Asian,good,Kochi
Eatery,Ernakulam,4.21,2000,Fish Molee,Spicy Chicken Fry,50000,1000,Sunday,South Indian,verygood,Ernakulam
Gokul Oottuvura,Ernakulam,4.02,2000,Sadhya,Burger,50000,350,Saturday,Asian,verygood,Ernakulam 
Njettilla Vattayila ,Ernakulam,3.92,500,Spicy Chicken Fry,Kappa Boti,80000,700,Wednesday,Indian,good,Ernakulam 
Mullapanthal Restaurant,Ernakulam,4.15,500,Kerala Prawn Curry,Parota with beef curry,45000,200,Thursday,Indian,verygood,Ernakulam 
Ceylon Bake House,Ernakulam,3.92,500,Beef Fry,Chuttuli Meen ,50000,800,Tuesday,Indian,good,Ernakulam 
Pai Dosa in Edapally,Ernakulam,3.93,500,Naadan Kozhi Curry,Death by Chocolate,50000,1000,Sunday,Indian,good,Ernakulam 
Ifthar Taste Of Real Malabar,Ernakulam,4.04,500,dosa Ghee roast with sambar,Kappa Puzhukku,100000,10000,Sunday,Malabar,verygood,Ernakulam 
Erivum Pulium,Ernakulam,3.86,500,Karimeen Pollichathu ,Ghee Rice (NeyChoru),70000,650,Friday,Indian,good,Ernakulam 
O.ji.ka ,Ernakulam,4.31,500,Sea foods,Chuttuli Meen ,45000,300,Saturday,Seafood,verygood,Ernakulam 
Aavi ,Ernakulam,4.03,500,dosa Ghee roast with sambar,Thalassery Biryani,30000,250,Friday,Indian,verygood,Ernakulam 
Marhaba Restaurant,Ernakulam,3.92,500,Spicy Chicken Fry,Pizza,75000,500,Sunday,Western,good,Ernakulam 
Binnammas Food Gallery,Ernakulam,4.11,500,Naadan Kozhi Curry,Burger,80000,800,Wednesday,Western,verygood,Ernakulam 
Ayswarya hotel ,Ernakulam,4.13,500,Thalassery Biryani,kappa meen curry,60000,500,Tuesday,Indian,verygood,Ernakulam 
Fusion Bay Restaurant,Ernakulam,4.45,1000,Sadhya,Kappa Boti,90000,300,Sunday ,Kerala,excellent,Ernakulam 
Hotel Sehiyon Ootushala,Ernakulam,4.12,500,Fish Molee,Death by Chocolate,100000,350,Friday,South Indian,verygood,Ernakulam 
Hotel Anandas,Ernakulam,3.94,500,Beef Fry,Kappa Puzhukku,100000,370,Tuesday,Kerala,good,Ernakulam 
Blue Sea,Ernakulam,4.01,500,dosa Ghee roast with sambar,Ghee Rice (NeyChoru),102000,450,Sunday ,Indian,verygood,Ernakulam 
Gokul Oottupura,Ernakulam,4.25,500,arimeen Pollichathu ,sandwhich,110000,500,Saturday,Indian,verygood,Ernakulam 
Tamr Cafe,Ernakulam,4.07,500,sea foods,Parota with beef curry,130000,550,Sunday,Indian,verygood,Ernakulam 
Kappem Puttum ,Ernakulam,3.88,500,Kerala Prawn Curry,Seafood ,45000,200,Sunday,Indian,good,Ernakulam 
Hotel Aryas ,Ernakulam,3.64,500,Fish Molee,Burger,50000,350,Tuesday,Western,good,Ernakulam 
The Kitchen ,Ernakulam,3.97,500,Beef Fry,kappa meen curry,80000,700,Sunday,Kerala,verygood,Ernakulam 
Octopus Bakes & Bistro,Ernakulam,4.18,500,Naadan Kozhi Curry,Kappa Boti,70000,750,Saturday,Kerala,verygood,Ernakulam 
Hotel Ceylon ,Ernakulam,3.81,500,Dosa Ghee Roast with Sambar,Parota with beef curry,90000,800,Wednesday,Indian,good,Ernakulam 
Pappadavada,Ernakulam,3.79,500,Karimeen Pollichathu ,Thalassery Biryani,95000,850,Friday,Indian,good,Ernakulam 
Malabar Plaza,Ernakulam,3.81,500,Parota with beef curry,Seafood ,100000,900,Thursday,Seafood,good,Ernakulam 
Aruvi Nature,Ernakulam,4.43,500,Idli Sambhar,Fried Prawns,120000,950,Monday,Seafood,verygood,Ernakulam 
Beeyems Restaurant,Ernakulam,3.88,500,Sea Foods,Chuttuli Meen ,125000,1000,Wednesday,Seafood,good,Ernakulam 
Hotel Salala,Ernakulam,4.27,500,dosa Ghee roast with sambar,Ghee Rice (NeyChoru),130000,1050,Sunday,South Indian,verygood,Ernakulam 
Hungry Birds,Ernakulam,3.75,500,Fish Molee,sandwhich,150000,1100,Thursday,Western,good,Ernakulam 
Malabar Food Court,Ernakulam,3.85,1000,Sea Foods,Seafood ,50000,350,Wednesday,Seafood,good,Ernakulam 
Malabar Grills ,Ernakulam,3.75,500,Kappa and Meen Curry,Fried Prawns,80000,700,Saturday,Indian,good,Ernakulam 
Malabar Plaza,Ernakulam,3.66,500,Kerala Prawn Curry,Chuttuli Meen ,45000,200,Thursday,Indian,good,Ernakulam 
Masafi Restaurant,Ernakulam,3.86,500,Appam with Stew,Thalassery Biryani,50000,800,Friday,Indian,good,Ernakulam 
Vanitha Homely Meals,Ernakulam,4.32,500,Fish Molee,Burger,50000,1000,Sunday,Indian,verygood,Ernakulam 
Thamam Restaurant,Ernakulam,3.55,500,Kerala Prawn Curry,Pizza,50000,350,Saturday,Indian,good,Ernakulam 
Uruli ,Ernakulam,3.96,500,Kappa and Meen Curry,Mutta Chikkiyathu ƒ?? Scrambled Eggs,80000,700,Sunday,Chinese,verygood,Ernakulam 
Malabar Canteen,Ernakulam,1.76,500,Naadan Kozhi Curry,Kappa Boti,18000,150,Thursday,Asian,poor,Ernakulam 
Crystal Kitchen,Ernakulam,3.53,500,dosa Ghee roast with sambar,Parota with beef curry,50000,800,Saturday,Chinese,good,Ernakulam 
Calavaras Hot Pot,Ernakulam,4.52,1000,arimeen Pollichathu ,Thalassery Biryani,50000,1000,Tuesday,Indian,excellent,Ernakulam 
Hotel Unnikrishna ,Ernakulam,3.81,1000,Parota with beef curry,Seafood ,100000,10000,Sunday,Indian,good,Ernakulam 
Cinema Cafe,Ernakulam,4.17,1000,Idli Sambhar,Fried Prawns,70000,750,Saturday,Indian,verygood,Ernakulam 
Swaadh ,Ernakulam,3.55,500,sea foods,Chuttuli Meen ,90000,800,Friday,Seafood,good,Ernakulam 
Ummis Kitchen ,Ernakulam,3.94,500,Fish Molee,Burger,95000,850,Saturday,Western,good,Ernakulam 
Aaharam,Ernakulam,3.51,500,Kerala Prawn Curry,kappa meen curry,80000,700,Sunday,South Indian,good,Ernakulam
Hotel Malabar Plaza ,Ernakulam,4.03,1000,Fish Molee,Thalassery Biryani,70000,750,Sunday,Kerala,verygood,Ernakulam
Eat N Park Hotel,Ernakulam,3.82,500,Beef Fry,Seafood ,90000,800,Saturday,Indian,good,Ernakulam
Mappilakada,Ernakulam,4.25,500,Spicy Chicken Fry,Sandwich,95000,850,Tuesday,Western,verygood,Ernakulam
Aruvi Nature Life,Ernakulam,4.42,500,arimeen Pollichathu ,Fried Prawns,100000,900,Saturday,South Indian,verygood,Ernakulam
Ifthar,Vazhakkala,3.91,500,dosa Ghee roast with sambar,Ghee Rice (NeyChoru),120000,950,Saturday,South Indian,good,Vazhakkala
Paradise Hotel,Vazhakkala,3.93,500,Parota with beef curry,Seafood ,125000,1000,Wednesday,South Indian,good,Vazhakkala
Thakkaaram Restaurant ,Vazhakkala,3.03,1000,Thalassery Biryani,Pizza,130000,1050,Sunday ,Indian,good,Vazhakkala
Rappais Thattinpuram,Vazhakkala,3.67,500,Idli Sambhar,Thalassery Biryani,150000,1100,Tuesday,South Indian,good,Vazhakkala
Hotel Jaybees,Vazhakkala,3.64,1000,dosa Ghee roast with sambar,Ghee Rice (NeyChoru),50000,350,Sunday,Malabar,good,Vazhakkala
Rolexio Restaurant ,Vazhakkala,4.22,1000,Naadan Kozhi Curry,burger,85000,800,Friday,Indian,verygood,Vazhakkala
Hotel Abida,Vazhakkala,4.09,500,Thattu Dosa with Chutney,kappa meen curry,120900,1500,Thursday,Arabic,verygood,Vazhakkala
Bolgatty Palace Restaurant,Mulavukad,4.24,2000,Appam with Stew,Kappa Meen Curry,60000,690,Friday,Seafood,verygood,Mulavukad
Vellakkanthaari Restaurant ,Mulavukad,3.72,500,Fish Molee,Thalassery Biryani,209000,3500,Saturday,Kerala,good,Mulavukad
Paathiraputtu seafood restaurant,Mulavukad,3.82,500,Beef Fry,Seafood ,80000,700,Sunday,Kerala,good,Mulavukad
C Fine Sea food floating Restaurant,Mulavukad,3.91,500,Spicy Chicken Fry,Sandwich,70000,750,Monday,Kerala,verygood,Mulavukad
Hotel Mom's Kitchen,Mulavukad,4.01,500,meen Pollichathu ,Fried Prawns,90000,800,Tuesday,Kerala,verygood,Mulavukad
Surya Kudumbasree Restaurant,Mulavukad,3.84,500,dosa Ghee roast with sambar,Ghee Rice (NeyChoru),95000,850,Wednesday,Kerala,good,Mulavukad
Neft Tropical Hut Cochin,Mulanthuruthy,4.18,500,Parota with beef curry,Seafood ,100000,900,Thursday,Kerala,verygood,Mulanthuruthy
KUK DOO KOO Barbeque,Mulanthuruthy,3.95,500,Thalassery Biryani,Pizza,60000,500,Friday,Kerala,good,Mulanthuruthy
Hotel Ayanam,Mulanthuruthy,4.01,500,Idli Sambhar,Thalassery Biryani,90000,300,Saturday,Kerala,verygood,Mulanthuruthy
Hotel Aryas,Mulanthuruthy,3.53,500,dosa Ghee roast with sambar,Ghee Rice (NeyChoru),100000,350,Sunday,Kerala,good,Mulanthuruthy
Erivum Pulium,Mulanthuruthy,3.62,500,Naadan Kozhi Curry,burger,100000,370,Monday,Western,good,Mulanthuruthy
Gramin Food,Mulanthuruthy,4.07,500,Thattu Dosa with Chutney,kappa meen curry,102000,450,Tuesday,Kerala,verygood,Mulanthuruthy
Saravanabhavan,Mulanthuruthy,4.13,500,Appam with Stew,Kappa Meen Curry,110000,500,Wednesday,Kerala,verygood,Mulanthuruthy
D Lite Restaurant,Mulanthuruthy,3.72,500,Thattu Dosa with Chutney,Seafood ,130000,550,Monday,Kerala,good,Mulanthuruthy
MaxFun,Thrippunithura,3.82,500,Porotta with Beef Roast,Biriyani,45000,200,Tuesday,Kerala,good,Thrippunithura
HOTEL SREE SARAVANA BHAVAN,Thrippunithura,3.91,500,Masala Dosa,Ghee Roast,50000,350,Sunday,Kerala,good,Thrippunithura
The LMN,Thrippunithura,4.01,500,Beef Burger,Chicken Sandwich,80000,700,Monday,Western,verygood,Thrippunithura
Thakkaaramanthi House,Thrippunithura,3.84,1000,Fish Molee,Fried Prawns,70000,750,Wednesday,Arabic,good,Thrippunithura
Captain Fisher,Thrippunithura,4.18,1000,Kappa and Meen Curry,Thalassery Biryani,90000,800,Wednesday,Kerala,verygood,Thrippunithura
Supreme Uppercrust ,Thrippunithura,3.95,500,dosa Ghee roast with sambar,Death by Chocolate,95000,850,Friday,South Indian,verygood,Thrippunithura
Royal Bakers,Thrippunithura,4.01,500,Thalassery Biryani,Kappa Boti,100000,900,Tuesday,Arabic,verygood,Thrippunithura
Anjappar,Thrippunithura,3.53,500,Beef Fry,Parota with beef curry,120000,950,Tuesday,Indian,good,Thrippunithura
Hotel Hill View,Thrippunithura,3.62,500,Naadan Kozhi Curry,Thalassery Biryani,125000,1000,Sunday,Chinese,good,Thrippunithura
Kumbalangikkaran Restaurant,Maradu,4.07,500,Kappa and Meen Curry,Kappa Puzhukku,130000,1050,Wednesday,Kerala,verygood,Maradu
Sarovaram Restaurant,Maradu,4.13,500,Kappa and Meen Curry,Kappa Boti,150000,1100,Sunday,Kerala,verygood,Maradu
RAMEES RESTAURANT,Maradu,4.21,500,Kuzhi Manthi,Al Faham,50000,350,Monday,Arabic,verygood,Maradu
Arabian Food Court,Maradu,3.43,500,Beef Biriyani,Porotta,80000,700,Tuesday,Arabic,good,Maradu
Aroma,Maradu,4.5,500,Chilly Pork,Schezwan Chicken Fried Rice,45000,200,Wednesday,Arabic,excellent,Maradu
Anoop Restaurant,Maradu,3.73,500,Grilled Chicken,Mixed Fried Rice,50000,800,Thursday,Arabic,good,Maradu
Empire Plaza,Maradu,4.1,500,Chilly Pork,Schezwan Chicken Fried Rice,50000,1000,Friday,Arabic,verygood,Maradu
Curry Klub,Maradu,4.52,500,Grilled Chicken,Mixed Fried Rice,50000,350,Saturday,Arabic,excellent,Maradu
Vadakkeyattam Puttu Kada,Kumbalangy,4.63,500,Thattu Dosa with Chutney,Pizza,80000,700,Thursday,"Indian,Chinese",excellent,Kumbalangy
Kayaloram Restaurant,Kumbalangy,4.45,500,Fish Molee,Seafood ,45000,200,Wednesday,South Indian,excellent,Kumbalangy
Athazham restaurant,Kumbalangy,3.73,500,Chilly Pork,Schezwan Chicken Fried Rice,50000,800,Thursday,South Indian,good,Kumbalangy
Arabic Resto,Kumbalangy,4.1,500,Grilled Chicken,Mixed Fried Rice,50000,1000,Friday,South Indian,verygood,Kumbalangy
Kumbalanghi grills,Kumbalangy,4.52,500,Chilly Pork,Schezwan Chicken Fried Rice,100000,10000,Saturday,South Indian,excellent,Kumbalangy
Biryani Kada,Kumbalangy,4.63,500,Grilled Chicken,Mixed Fried Rice,70000,650,Sunday,South Indian,excellent,Kumbalangy
Hotel Nandanam,Muvattupuzha,3.83,500,Kappa and Meen Curry,Death by Chocolate,45000,300,Sunday,Kerala,good,Muvattupuzha
MALABAR VILLAGE RESTAURANT,Muvattupuzha,4.18,500,Chicken Biriyani,Beef Biriyani,30000,250,Monday,Indian,verygood,Muvattupuzha
Hotel Dhanya,Muvattupuzha,3.95,500,Chicken Noodles,,75000,500,Tuesday,Asian,verygood,Muvattupuzha
Kitchen Caravan Speciality Restaurant,Muvattupuzha,4.01,500,Fish Biriyani,Mixed Fried Rice,80000,800,Wednesday,Asian,verygood,Muvattupuzha
Hotel Kattappa,Muvattupuzha,3.53,500,Chicken Biriyani,Egg Noodles,65000,750,Thursday,Asian,good,Muvattupuzha
Al Reem Food Court,Muvattupuzha,3.62,500,Chicken Kuzhimandi,Beef Mandi,50000,190,Friday,Arabic,good,Muvattupuzha
Rajeswary Vegetarian Restaurant,Muvattupuzha,4.07,500,Masala Dosa,Veg Meals,70000,300,Saturday,Kerala,verygood,Muvattupuzha
Beach Way Restaurant ,Paravur,4.13,1000,Kerala Prawn Curry,Kappa Puzhukku,90000,700,Friday,Kerala,verygood,Paravur
Slice of Spice,Paravur,4.01,500,Schezwan Chicken Fried Rice,Schezwan Egg Noodles,105000,1200,Saturday,Asian,verygood,Paravur
Khalifa Restaurant,Paravur,3.84,500,Kappa and Meen Curry,Thalassery Biryani,70000,650,Sunday,Kerala,good,Paravur
The Second Wife Restaurant,Paravur,4.18,500,dosa Ghee roast with sambar,Death by Chocolate,45000,300,Monday,Kerala,verygood,Paravur
Chimney Heritage Restaurant,Paravur,3.95,500,Thalassery Biryani,Kappa Boti,30000,250,Tuesday,Kerala,verygood,Paravur
Hotel Vasantha Vihar,Paravur,4.01,500,Beef Fry,Parota with beef curry,75000,500,Wednesday,Indian,verygood,Paravur
Golden Palace,Paravur,3.53,500,Naadan Kozhi Curry,Thalassery Biryani,90000,5500,Thursday,Indian,good,Paravur
Mallu's Dhaba Cochin Airport,Nedumbassery,4,2000,Veg Noodles,Chicken Biriyani,95000,8000,Sunday,Punjabi,verygood,Nedumbassery
OVA Restaurant,Nedumbassery,3.8,1000,Beef Fry,Mixed Fried Rice,100000,9500,Saturday,Chinese,good,Nedumbassery
Tasty Ride Restaurant,Nedumbassery,4.3,2000,Fish Molee,Schezwan Egg Noodles,74000,5000,Wednesday,Asian,verygood,Nedumbassery
Noushad hotel,Marampilly ,2.87,500,Idli Sambhar,meals,53000,650,Monday,Kerala,poor,Marampilly 
